{"cameraMode":{"drawMode":0,"name":"Shaded","section":"Shading Mode"},"sceneLighting":true,"audioPlay":false,"sceneViewState":{"showFog":true,"showMaterialUpdate":false,"showSkybox":true,"showFlares":true,"showImageEffects":true,"showParticleSystems":true},"in2DMode":false,"pivot":{"x":0.0000016689300537109376,"y":0.00001609325408935547,"z":-4.0},"rotation":{"x":0.0014769318513572217,"y":-0.17460034787654878,"z":0.00026187230832874775,"w":0.9846389293670654},"size":3.4349594116210939,"orthographic":true}