{"cameraMode":{"drawMode":0,"name":"Shaded","section":"Shading Mode"},"sceneLighting":true,"audioPlay":false,"sceneViewState":{"showFog":true,"showMaterialUpdate":false,"showSkybox":true,"showFlares":true,"showImageEffects":true,"showParticleSystems":true},"in2DMode":false,"pivot":{"x":27.751924514770509,"y":20.764070510864259,"z":-10.279850006103516},"rotation":{"x":-0.3752800524234772,"y":0.2805066704750061,"z":0.120452381670475,"w":0.8751993179321289},"size":28.112905502319337,"orthographic":false}